-- MySQL dump 10.13  Distrib 8.0.11, for Linux (x86_64)
--
-- Host: localhost    Database: prototype
-- ------------------------------------------------------
-- Server version	8.0.11

/*!40101 SET @OLD_CHARACTER_SET_CLIENT=@@CHARACTER_SET_CLIENT */;
/*!40101 SET @OLD_CHARACTER_SET_RESULTS=@@CHARACTER_SET_RESULTS */;
/*!40101 SET @OLD_COLLATION_CONNECTION=@@COLLATION_CONNECTION */;
 SET NAMES utf8mb4 ;
/*!40103 SET @OLD_TIME_ZONE=@@TIME_ZONE */;
/*!40103 SET TIME_ZONE='+00:00' */;
/*!40014 SET @OLD_UNIQUE_CHECKS=@@UNIQUE_CHECKS, UNIQUE_CHECKS=0 */;
/*!40014 SET @OLD_FOREIGN_KEY_CHECKS=@@FOREIGN_KEY_CHECKS, FOREIGN_KEY_CHECKS=0 */;
/*!40101 SET @OLD_SQL_MODE=@@SQL_MODE, SQL_MODE='NO_AUTO_VALUE_ON_ZERO' */;
/*!40111 SET @OLD_SQL_NOTES=@@SQL_NOTES, SQL_NOTES=0 */;

--
-- Table structure for table `migrations`
--

DROP TABLE IF EXISTS `migrations`;
/*!40101 SET @saved_cs_client     = @@character_set_client */;
 SET character_set_client = utf8mb4 ;
CREATE TABLE `migrations` (
  `id` int(10) unsigned NOT NULL AUTO_INCREMENT,
  `migration` varchar(255) COLLATE utf8mb4_unicode_ci NOT NULL,
  `batch` int(11) NOT NULL,
  PRIMARY KEY (`id`)
) ENGINE=InnoDB AUTO_INCREMENT=16 DEFAULT CHARSET=utf8mb4 COLLATE=utf8mb4_unicode_ci;
/*!40101 SET character_set_client = @saved_cs_client */;

--
-- Dumping data for table `migrations`
--

LOCK TABLES `migrations` WRITE;
/*!40000 ALTER TABLE `migrations` DISABLE KEYS */;
INSERT INTO `migrations` VALUES (1,'2014_10_12_000000_create_orders_table',1),(2,'2014_10_12_000000_create_payments_table',1),(3,'2014_10_12_000000_create_tickets_table',1),(5,'2019_06_21_202200_add_code_to_tickets',1),(6,'2019_06_22_060429_add_user_i_dto_orders',1),(10,'2014_10_12_000000_create_users_table',2),(11,'2019_08_24_104916_add_timestamp_to_orders',3),(12,'2019_08_24_131854_add_status_to_payments',4),(13,'2019_08_24_133929_add_amount_to_payments',5),(14,'2019_08_24_134808_create_ticket_payments_table',6),(15,'2019_08_26_162242_create_ticket_orders',7);
/*!40000 ALTER TABLE `migrations` ENABLE KEYS */;
UNLOCK TABLES;

--
-- Table structure for table `orders`
--

DROP TABLE IF EXISTS `orders`;
/*!40101 SET @saved_cs_client     = @@character_set_client */;
 SET character_set_client = utf8mb4 ;
CREATE TABLE `orders` (
  `id` varchar(255) COLLATE utf8mb4_unicode_ci NOT NULL,
  `ticket_id` varchar(255) COLLATE utf8mb4_unicode_ci NOT NULL,
  `quantity` varchar(255) COLLATE utf8mb4_unicode_ci NOT NULL,
  `total` varchar(255) COLLATE utf8mb4_unicode_ci NOT NULL,
  `user_id` varchar(255) COLLATE utf8mb4_unicode_ci NOT NULL,
  `order_time` datetime DEFAULT NULL
) ENGINE=InnoDB DEFAULT CHARSET=utf8mb4 COLLATE=utf8mb4_unicode_ci;
/*!40101 SET character_set_client = @saved_cs_client */;

--
-- Dumping data for table `orders`
--

LOCK TABLES `orders` WRITE;
/*!40000 ALTER TABLE `orders` DISABLE KEYS */;
INSERT INTO `orders` VALUES ('1','1','1','30','1',NULL),('2','1','1','0','1','2019-08-24 11:01:41'),('2','2','1','0','1','2019-08-24 11:01:41'),('2','3','1','0','1','2019-08-24 11:01:41'),('2','4','1','0','1','2019-08-24 11:01:41'),('2','5','1','0','1','2019-08-24 11:01:41'),('2','6','1','0','1','2019-08-24 11:01:41'),('2','7','1','0','1','2019-08-24 11:01:41'),('2','8','1','0','1','2019-08-24 11:01:41'),('2','9','1','0','1','2019-08-24 11:01:41'),('2','10','1','0','1','2019-08-24 11:01:41'),('2','11','1','0','1','2019-08-24 11:01:41'),('2','12','1','0','1','2019-08-24 11:01:41'),('2','13','1','0','1','2019-08-24 11:01:41'),('3','1','1','239','1','2019-08-24 11:40:11'),('3','2','1','30','1','2019-08-24 11:40:11'),('3','3','1','30','1','2019-08-24 11:40:11'),('3','4','1','60','1','2019-08-24 11:40:11'),('3','5','1','20','1','2019-08-24 11:40:11'),('3','6','1','20','1','2019-08-24 11:40:11'),('3','7','1','40','1','2019-08-24 11:40:11'),('3','8','1','55','1','2019-08-24 11:40:11'),('3','9','1','55','1','2019-08-24 11:40:11'),('3','10','1','110','1','2019-08-24 11:40:11'),('3','11','1','125','1','2019-08-24 11:40:11'),('3','12','1','125','1','2019-08-24 11:40:11'),('3','13','1','250','1','2019-08-24 11:40:11'),('4','1','1','239','1','2019-08-24 12:19:13'),('5','1','1','239','1','2019-08-24 12:19:57'),('6','1','1','239','1','2019-08-24 12:24:16'),('6','2','1','30','1','2019-08-24 12:24:16'),('6','3','1','30','1','2019-08-24 12:24:16'),('6','4','1','60','1','2019-08-24 12:24:16'),('6','5','1','20','1','2019-08-24 12:24:16'),('6','6','1','20','1','2019-08-24 12:24:16'),('6','7','1','40','1','2019-08-24 12:24:16'),('6','8','1','55','1','2019-08-24 12:24:16'),('6','9','1','55','1','2019-08-24 12:24:16'),('6','10','1','110','1','2019-08-24 12:24:16'),('6','11','1','125','1','2019-08-24 12:24:16'),('6','12','1','125','1','2019-08-24 12:24:16'),('6','13','1','250','1','2019-08-24 12:24:16'),('7','1','1','239','1','2019-08-24 12:43:53'),('8','1','1','239','1','2019-08-24 12:45:36'),('9','1','1','239','1','2019-08-24 13:25:24'),('10','1','1','239','1','2019-08-24 13:56:06'),('11','1','1','239','1','2019-08-24 13:56:26'),('12','1','2','478','1','2019-08-24 14:16:47'),('13','1','1','239','1','2019-08-24 14:17:12'),('14','1','1','239','1','2019-08-24 14:33:25'),('15','1','1','239','1','2019-08-24 14:37:07'),('16','1','1','239','30','2019-08-25 13:56:30'),('17','1','1','239','30','2019-08-25 14:10:58'),('17','2','1','30','30','2019-08-25 14:10:58'),('18','1','1','239','30','2019-08-25 14:11:02'),('18','2','1','30','30','2019-08-25 14:11:02'),('19','1','2','478','30','2019-08-25 15:58:50'),('19','2','1','30','30','2019-08-25 15:58:50'),('20','1','1','239','30','2019-08-25 16:01:36'),('21','1','1','239','30','2019-08-26 14:54:10'),('22','1','1','239','30','2019-08-26 15:00:39'),('23','1','1','239','30','2019-08-26 15:24:34'),('24','1','1','239','30','2019-08-26 15:55:49'),('25','2','1','30','30','2019-08-26 17:17:24'),('26','2','1','30','30','2019-08-26 17:18:47'),('27','2','1','30','30','2019-08-26 17:20:23'),('28','2','1','30','30','2019-08-26 17:22:27'),('29','2','4','120','1','2019-09-02 09:27:41'),('30','2','4','120','1','2019-09-02 09:28:03'),('31','1','1','239','1','2019-09-02 09:36:15'),('31','2','4','120','1','2019-09-02 09:36:15'),('31','3','1','30','1','2019-09-02 09:36:15'),('31','4','1','60','1','2019-09-02 09:36:15'),('31','5','1','20','1','2019-09-02 09:36:15'),('31','6','1','20','1','2019-09-02 09:36:15'),('31','7','1','40','1','2019-09-02 09:36:15'),('31','8','1','55','1','2019-09-02 09:36:15'),('31','9','1','55','1','2019-09-02 09:36:15'),('31','10','1','110','1','2019-09-02 09:36:15'),('31','11','1','125','1','2019-09-02 09:36:15'),('31','12','1','125','1','2019-09-02 09:36:15'),('32','1','1','239','1','2019-09-02 09:37:48'),('33','1','1','239','1','2019-09-02 09:43:27'),('33','2','1','30','1','2019-09-02 09:43:27'),('33','3','1','30','1','2019-09-02 09:43:27'),('33','4','1','60','1','2019-09-02 09:43:27'),('33','5','1','20','1','2019-09-02 09:43:27'),('33','6','1','20','1','2019-09-02 09:43:27'),('33','7','1','40','1','2019-09-02 09:43:27'),('33','8','1','55','1','2019-09-02 09:43:27'),('33','9','1','55','1','2019-09-02 09:43:27'),('33','10','1','110','1','2019-09-02 09:43:27'),('33','11','1','125','1','2019-09-02 09:43:27'),('33','12','1','125','1','2019-09-02 09:43:27'),('33','13','1','250','1','2019-09-02 09:43:27'),('34','2','3','90','1','2019-09-02 10:03:30'),('35','4','3','180','1','2019-09-02 10:03:57'),('36','2','1','30','1','2019-09-02 10:04:18'),('36','3','1','30','1','2019-09-02 10:04:18'),('36','4','1','60','1','2019-09-02 10:04:18'),('36','5','1','20','1','2019-09-02 10:04:18'),('36','6','1','20','1','2019-09-02 10:04:18'),('37','2','5','150','1','2019-09-02 10:16:25'),('38','3','4','120','1','2019-09-02 10:16:38'),('39','3','4','0','1','2019-09-02 10:17:08'),('39','4','1','60','1','2019-09-02 10:17:08'),('40','2','2','60','1','2019-09-02 10:18:05'),('41','2','3','90','1','2019-09-02 10:18:29'),('41','3','1','30','1','2019-09-02 10:18:29'),('41','4','1','60','1','2019-09-02 10:18:29'),('41','5','1','20','1','2019-09-02 10:18:29'),('41','6','1','20','1','2019-09-02 10:18:29'),('41','7','1','40','1','2019-09-02 10:18:29'),('42','2','1','30','1','2019-09-02 10:19:31'),('43','2','1','30','1','2019-09-02 10:19:51'),('44','2','2','60','1','2019-09-02 10:20:33'),('45','2','2','60','1','2019-09-02 10:20:56'),('46','2','4','120','1','2019-09-02 10:21:32'),('47','2','3','90','1','2019-09-02 10:21:52'),('47','3','2','60','1','2019-09-02 10:21:52'),('47','4','2','120','1','2019-09-02 10:21:52'),('47','5','2','40','1','2019-09-02 10:21:52'),('47','6','2','40','1','2019-09-02 10:21:52'),('47','7','2','80','1','2019-09-02 10:21:52'),('47','8','2','110','1','2019-09-02 10:21:52'),('47','9','2','110','1','2019-09-02 10:21:52'),('47','10','2','220','1','2019-09-02 10:21:52'),('47','11','2','250','1','2019-09-02 10:21:52'),('47','12','2','250','1','2019-09-02 10:21:52'),('48','2','1','30','1','2019-09-02 10:24:42'),('48','3','1','30','1','2019-09-02 10:24:42'),('48','4','1','60','1','2019-09-02 10:24:42'),('48','5','1','20','1','2019-09-02 10:24:42'),('48','6','1','20','1','2019-09-02 10:24:42'),('48','7','1','40','1','2019-09-02 10:24:42'),('48','8','1','55','1','2019-09-02 10:24:42'),('48','9','1','55','1','2019-09-02 10:24:42'),('48','10','1','110','1','2019-09-02 10:24:42'),('48','11','1','125','1','2019-09-02 10:24:42'),('48','12','1','125','1','2019-09-02 10:24:42'),('48','13','1','250','1','2019-09-02 10:24:42'),('49','1','1','239','1','2019-09-02 10:27:25'),('49','2','1','30','1','2019-09-02 10:27:25'),('49','3','1','30','1','2019-09-02 10:27:25'),('49','4','1','60','1','2019-09-02 10:27:25'),('49','5','1','20','1','2019-09-02 10:27:25'),('49','6','1','20','1','2019-09-02 10:27:25'),('49','7','1','40','1','2019-09-02 10:27:25'),('49','8','1','55','1','2019-09-02 10:27:25'),('49','9','1','55','1','2019-09-02 10:27:25'),('49','10','1','110','1','2019-09-02 10:27:25'),('49','11','1','125','1','2019-09-02 10:27:25'),('49','12','1','125','1','2019-09-02 10:27:25'),('49','13','1','250','1','2019-09-02 10:27:25'),('50','1','1','239','1','2019-09-02 10:32:07'),('50','2','2','60','1','2019-09-02 10:32:07'),('50','3','1','30','1','2019-09-02 10:32:07'),('50','4','1','60','1','2019-09-02 10:32:07'),('50','5','1','20','1','2019-09-02 10:32:07'),('50','6','1','20','1','2019-09-02 10:32:07'),('50','7','1','40','1','2019-09-02 10:32:07'),('50','8','1','55','1','2019-09-02 10:32:07'),('50','9','1','55','1','2019-09-02 10:32:07'),('50','10','1','110','1','2019-09-02 10:32:07'),('50','11','1','125','1','2019-09-02 10:32:07'),('50','12','1','125','1','2019-09-02 10:32:07'),('50','13','1','250','1','2019-09-02 10:32:07'),('51','2','12','360','1','2019-09-02 10:32:35'),('51','3','1','30','1','2019-09-02 10:32:35'),('51','4','1','60','1','2019-09-02 10:32:35'),('51','5','1','20','1','2019-09-02 10:32:35'),('51','6','1','20','1','2019-09-02 10:32:35'),('51','7','1','40','1','2019-09-02 10:32:35'),('51','8','1','55','1','2019-09-02 10:32:35'),('51','9','1','55','1','2019-09-02 10:32:35'),('51','10','1','110','1','2019-09-02 10:32:35'),('51','11','1','125','1','2019-09-02 10:32:35'),('51','12','1','125','1','2019-09-02 10:32:35'),('51','13','1','250','1','2019-09-02 10:32:35'),('52','1','1','239','1','2019-09-02 10:35:44'),('52','2','1','30','1','2019-09-02 10:35:44'),('52','3','1','30','1','2019-09-02 10:35:44'),('52','4','1','60','1','2019-09-02 10:35:44'),('52','5','1','20','1','2019-09-02 10:35:44'),('52','6','1','20','1','2019-09-02 10:35:44'),('52','7','1','40','1','2019-09-02 10:35:44'),('52','8','1','55','1','2019-09-02 10:35:44'),('52','9','1','55','1','2019-09-02 10:35:44'),('52','10','1','110','1','2019-09-02 10:35:44'),('52','11','1','125','1','2019-09-02 10:35:44'),('52','12','1','125','1','2019-09-02 10:35:44'),('52','13','1','250','1','2019-09-02 10:35:44'),('53','2','3','90','1','2019-09-02 10:37:38'),('54','2','2','60','1','2019-09-02 10:38:43'),('54','3','2','60','1','2019-09-02 10:38:43'),('54','4','2','120','1','2019-09-02 10:38:43'),('54','5','2','40','1','2019-09-02 10:38:43'),('54','6','2','40','1','2019-09-02 10:38:43'),('54','7','2','80','1','2019-09-02 10:38:43'),('54','8','2','110','1','2019-09-02 10:38:43'),('54','9','2','110','1','2019-09-02 10:38:43'),('54','10','2','220','1','2019-09-02 10:38:43'),('54','11','2','250','1','2019-09-02 10:38:43'),('55','2','2','60','1','2019-09-02 10:39:36'),('55','3','2','60','1','2019-09-02 10:39:36'),('55','4','2','120','1','2019-09-02 10:39:36'),('55','5','2','40','1','2019-09-02 10:39:36'),('55','6','2','40','1','2019-09-02 10:39:36'),('55','7','2','80','1','2019-09-02 10:39:36'),('55','8','2','110','1','2019-09-02 10:39:36'),('55','9','2','110','1','2019-09-02 10:39:36'),('55','10','2','220','1','2019-09-02 10:39:36'),('55','11','2','250','1','2019-09-02 10:39:36'),('55','12','2','250','1','2019-09-02 10:39:36'),('55','13','2','500','1','2019-09-02 10:39:36'),('56','1','2','478','1','2019-09-02 10:39:59'),('56','2','2','60','1','2019-09-02 10:39:59'),('56','3','2','60','1','2019-09-02 10:39:59'),('56','4','22','1320','1','2019-09-02 10:39:59'),('56','5','2','40','1','2019-09-02 10:39:59'),('56','6','2','40','1','2019-09-02 10:39:59'),('56','7','2','80','1','2019-09-02 10:39:59'),('56','8','2','110','1','2019-09-02 10:39:59'),('56','9','2','110','1','2019-09-02 10:39:59'),('56','10','2','220','1','2019-09-02 10:39:59'),('56','11','2','250','1','2019-09-02 10:39:59'),('56','12','2','250','1','2019-09-02 10:39:59'),('56','13','2','500','1','2019-09-02 10:39:59'),('57','2','3','90','1','2019-09-02 10:41:11'),('58','3','3','90','1','2019-09-02 10:41:59'),('59','2','3','90','1','2019-09-02 10:43:30'),('60','2','3','90','1','2019-09-02 10:44:22'),('61','2','3','90','1','2019-09-02 10:47:29'),('62','2','1','30','1','2019-09-02 10:47:40'),('63','3','2','60','1','2019-09-02 10:49:20'),('64','2','3','90','1','2019-09-02 10:50:44'),('65','2','3','90','1','2019-09-02 10:51:41'),('66','2','4','120','1','2019-09-02 10:58:48'),('67','2','8','240','1','2019-09-02 11:01:15'),('68','2','7','210','1','2019-09-02 11:05:49'),('69','2','4','120','1','2019-09-02 11:08:34'),('69','3','4','120','1','2019-09-02 11:08:34'),('70','2','5','150','1','2019-09-02 11:16:12'),('70','3','5','150','1','2019-09-02 11:16:12'),('71','2','5','150','1','2019-09-02 11:17:21'),('71','3','5','150','1','2019-09-02 11:17:21'),('72','2','5','150','1','2019-09-02 11:22:20'),('72','3','5','150','1','2019-09-02 11:22:20'),('73','2','3','90','1','2019-09-02 11:23:01'),('73','3','3','90','1','2019-09-02 11:23:01'),('74','2','3','90','1','2019-09-02 11:23:40'),('74','3','3','90','1','2019-09-02 11:23:40'),('75','2','3','90','1','2019-09-02 11:24:23'),('75','3','3','90','1','2019-09-02 11:24:23'),('76','2','3','90','1','2019-09-02 11:26:42'),('76','3','4','120','1','2019-09-02 11:26:42'),('77','2','3','90','1','2019-09-02 11:28:35'),('77','3','3','90','1','2019-09-02 11:28:35'),('78','2','3','90','1','2019-09-02 11:30:12'),('78','3','3','90','1','2019-09-02 11:30:12'),('79','2','3','90','1','2019-09-02 11:33:08'),('79','3','3','90','1','2019-09-02 11:33:08'),('80','2','3','90','1','2019-09-02 11:36:09'),('80','3','3','90','1','2019-09-02 11:36:09'),('81','2','3','90','1','2019-09-02 11:38:24'),('81','3','3','90','1','2019-09-02 11:38:24'),('82','2','3','90','1','2019-09-02 11:39:35'),('82','3','3','90','1','2019-09-02 11:39:35'),('83','2','3','90','1','2019-09-02 11:41:36'),('83','3','3','90','1','2019-09-02 11:41:36'),('84','2','3','90','1','2019-09-02 11:42:25'),('84','3','3','90','1','2019-09-02 11:42:25'),('85','2','3','90','1','2019-09-02 11:44:30'),('85','3','3','90','1','2019-09-02 11:44:30'),('86','2','3','90','1','2019-09-02 11:45:39'),('86','3','3','90','1','2019-09-02 11:45:39'),('87','2','3','90','1','2019-09-02 11:46:51'),('87','3','3','90','1','2019-09-02 11:46:51'),('88','2','3','90','1','2019-09-02 11:47:59'),('88','3','3','90','1','2019-09-02 11:47:59'),('89','2','3','90','1','2019-09-02 11:50:01'),('89','3','3','90','1','2019-09-02 11:50:01'),('90','4','2','120','1','2019-09-02 15:29:28'),('91','4','3','180','1','2019-09-02 15:31:34'),('92','4','4','240','1','2019-09-02 15:36:22'),('93','2','4','120','1','2019-09-02 16:49:16'),('94','3','4','120','1','2019-09-02 17:05:28'),('95','4','5','300','1','2019-09-02 17:06:14'),('96','2','1','30','1','2019-09-02 17:07:31'),('97','4','1','60','1','2019-09-02 17:08:06'),('98','5','1','20','1','2019-09-02 17:08:57'),('98','6','1','20','1','2019-09-02 17:08:57'),('99','7','1','40','1','2019-09-02 17:09:50'),('100','7','1','40','1','2019-09-02 17:11:23'),('101','8','1','55','1','2019-09-02 17:12:00'),('102','8','1','55','1','2019-09-02 17:14:06'),('103','9','1','55','1','2019-09-02 17:16:22'),('104','10','1','110','1','2019-09-02 17:18:31'),('105','11','1','125','1','2019-09-02 17:19:14'),('106','11','1','125','1','2019-09-02 17:20:52'),('107','12','2','250','1','2019-09-02 17:25:25'),('108','12','1','125','1','2019-09-02 17:29:18'),('109','13','1','250','1','2019-09-02 17:30:08'),('110','13','2','500','1','2019-09-02 17:30:52'),('111','13','2','500','1','2019-09-02 17:33:50'),('112','13','2','500','1','2019-09-02 17:35:08'),('113','10','2','220','1','2019-09-02 17:36:04'),('114','10','2','220','1','2019-09-02 17:41:36'),('115','13','2','500','1','2019-09-02 17:46:32'),('116','13','2','500','1','2019-09-02 17:52:10'),('117','13','2','500','1','2019-09-02 17:54:37'),('118','13','2','500','1','2019-09-02 17:56:39'),('119','13','2','500','1','2019-09-02 17:58:12'),('120','13','2','500','1','2019-09-02 18:07:31'),('121','13','2','500','1','2019-09-02 18:09:51'),('122','7','2','80','1','2019-09-02 18:13:20'),('122','10','3','330','1','2019-09-02 18:13:20'),('123','2','2','60','1','2019-09-02 18:19:04'),('124','2','3','90','1','2019-09-02 18:20:28'),('125','2','2','60','1','2019-09-02 18:22:47'),('126','3','3','90','1','2019-09-02 18:24:56'),('127','4','2','120','1','2019-09-02 18:30:20'),('128','7','3','120','1','2019-09-02 18:32:02'),('129','13','3','750','1','2019-09-02 18:33:52'),('130','13','2','500','1','2019-09-02 18:35:13'),('131','13','2','500','1','2019-09-02 18:36:17'),('132','2','1','30','1','2019-09-09 16:18:42'),('133','13','1','250','2','2019-09-09 17:12:34'),('134','2','3','90','2','2019-09-09 17:23:18'),('134','3','2','60','2','2019-09-09 17:23:18'),('134','4','1','60','2','2019-09-09 17:23:18'),('135','1','1','239','1','2019-09-11 15:51:00'),('136','2','1','30','1','2019-09-11 16:06:47'),('137','2','1','30','1','2019-09-11 16:10:14'),('138','14','1','1','1','2019-09-14 18:12:55'),('139','14','1','1','1','2019-09-14 18:17:58'),('140','14','1','1','1','2019-09-14 18:19:27'),('141','14','1','1','1','2019-09-14 18:24:48'),('142','14','1','1','2','2019-09-16 05:20:04'),('143','14','1','1','2','2019-09-16 07:25:26');
/*!40000 ALTER TABLE `orders` ENABLE KEYS */;
UNLOCK TABLES;

--
-- Table structure for table `payments`
--

DROP TABLE IF EXISTS `payments`;
/*!40101 SET @saved_cs_client     = @@character_set_client */;
 SET character_set_client = utf8mb4 ;
CREATE TABLE `payments` (
  `id` int(10) unsigned NOT NULL AUTO_INCREMENT,
  `user_id` varchar(255) COLLATE utf8mb4_unicode_ci NOT NULL,
  `order_id` varchar(255) COLLATE utf8mb4_unicode_ci NOT NULL,
  `merchant` varchar(255) COLLATE utf8mb4_unicode_ci NOT NULL,
  `amount` double(8,2) NOT NULL,
  `payment_status` varchar(191) COLLATE utf8mb4_unicode_ci NOT NULL DEFAULT 'Unpaid',
  `created_at` timestamp NULL DEFAULT NULL,
  `updated_at` timestamp NULL DEFAULT NULL,
  PRIMARY KEY (`id`)
) ENGINE=InnoDB DEFAULT CHARSET=utf8mb4 COLLATE=utf8mb4_unicode_ci;
/*!40101 SET character_set_client = @saved_cs_client */;

--
-- Dumping data for table `payments`
--

LOCK TABLES `payments` WRITE;
/*!40000 ALTER TABLE `payments` DISABLE KEYS */;
/*!40000 ALTER TABLE `payments` ENABLE KEYS */;
UNLOCK TABLES;

--
-- Table structure for table `ticket_orders`
--

DROP TABLE IF EXISTS `ticket_orders`;
/*!40101 SET @saved_cs_client     = @@character_set_client */;
 SET character_set_client = utf8mb4 ;
CREATE TABLE `ticket_orders` (
  `id` int(10) unsigned NOT NULL AUTO_INCREMENT,
  `user_id` varchar(191) COLLATE utf8mb4_unicode_ci NOT NULL,
  `order_id` varchar(191) COLLATE utf8mb4_unicode_ci NOT NULL,
  `ticket_payment_id` varchar(191) COLLATE utf8mb4_unicode_ci NOT NULL,
  `ticket_number` varchar(191) COLLATE utf8mb4_unicode_ci NOT NULL,
  `created_at` timestamp NULL DEFAULT NULL,
  `updated_at` timestamp NULL DEFAULT NULL,
  PRIMARY KEY (`id`)
) ENGINE=InnoDB AUTO_INCREMENT=181 DEFAULT CHARSET=utf8mb4 COLLATE=utf8mb4_unicode_ci;
/*!40101 SET character_set_client = @saved_cs_client */;

--
-- Dumping data for table `ticket_orders`
--

LOCK TABLES `ticket_orders` WRITE;
/*!40000 ALTER TABLE `ticket_orders` DISABLE KEYS */;
INSERT INTO `ticket_orders` VALUES (1,'1','115','105','D1-FR-1','2019-09-02 09:47:12','2019-09-02 09:47:12'),(2,'1','115','105','D1-FR-2','2019-09-02 09:47:12','2019-09-02 09:47:12'),(3,'1','115','105','D1-FR-3','2019-09-02 09:47:12','2019-09-02 09:47:12'),(4,'1','115','105','D1-FR-4','2019-09-02 09:47:12','2019-09-02 09:47:12'),(5,'1','115','105','D1-FR-5','2019-09-02 09:47:12','2019-09-02 09:47:12'),(6,'1','115','105','D2-FR-1','2019-09-02 09:47:13','2019-09-02 09:47:13'),(7,'1','115','105','D2-FR-2','2019-09-02 09:47:13','2019-09-02 09:47:13'),(8,'1','115','105','D2-FR-3','2019-09-02 09:47:13','2019-09-02 09:47:13'),(9,'1','115','105','D2-FR-4','2019-09-02 09:47:13','2019-09-02 09:47:13'),(10,'1','115','105','D2-FR-5','2019-09-02 09:47:13','2019-09-02 09:47:13'),(11,'1','115','105','D1-FR-1','2019-09-02 09:47:13','2019-09-02 09:47:13'),(12,'1','115','105','D1-FR-2','2019-09-02 09:47:13','2019-09-02 09:47:13'),(13,'1','115','105','D1-FR-3','2019-09-02 09:47:13','2019-09-02 09:47:13'),(14,'1','115','105','D1-FR-4','2019-09-02 09:47:13','2019-09-02 09:47:13'),(15,'1','115','105','D1-FR-5','2019-09-02 09:47:13','2019-09-02 09:47:13'),(16,'1','115','105','D2-FR-1','2019-09-02 09:47:13','2019-09-02 09:47:13'),(17,'1','115','105','D2-FR-2','2019-09-02 09:47:13','2019-09-02 09:47:13'),(18,'1','115','105','D2-FR-3','2019-09-02 09:47:13','2019-09-02 09:47:13'),(19,'1','115','105','D2-FR-4','2019-09-02 09:47:13','2019-09-02 09:47:13'),(20,'1','115','105','D2-FR-5','2019-09-02 09:47:13','2019-09-02 09:47:13'),(21,'1','116','106','D1-FR-6','2019-09-02 09:52:40','2019-09-02 09:52:40'),(22,'1','116','106','D1-FR-7','2019-09-02 09:52:40','2019-09-02 09:52:40'),(23,'1','116','106','D1-FR-8','2019-09-02 09:52:40','2019-09-02 09:52:40'),(24,'1','116','106','D1-FR-9','2019-09-02 09:52:40','2019-09-02 09:52:40'),(25,'1','116','106','D1-FR-10','2019-09-02 09:52:40','2019-09-02 09:52:40'),(26,'1','117','107','D1-FR-11','2019-09-02 09:54:55','2019-09-02 09:54:55'),(27,'1','117','107','D1-FR-12','2019-09-02 09:54:55','2019-09-02 09:54:55'),(28,'1','117','107','D1-FR-13','2019-09-02 09:54:56','2019-09-02 09:54:56'),(29,'1','117','107','D1-FR-14','2019-09-02 09:54:56','2019-09-02 09:54:56'),(30,'1','117','107','D1-FR-15','2019-09-02 09:54:56','2019-09-02 09:54:56'),(31,'1','118','108','D1-FR-16','2019-09-02 09:56:57','2019-09-02 09:56:57'),(32,'1','118','108','D1-FR-17','2019-09-02 09:56:57','2019-09-02 09:56:57'),(33,'1','118','108','D1-FR-18','2019-09-02 09:56:57','2019-09-02 09:56:57'),(34,'1','118','108','D1-FR-19','2019-09-02 09:56:57','2019-09-02 09:56:57'),(35,'1','118','108','D1-FR-20','2019-09-02 09:56:57','2019-09-02 09:56:57'),(36,'1','118','108','D2-FR-1','2019-09-02 09:56:57','2019-09-02 09:56:57'),(37,'1','118','108','D2-FR-3','2019-09-02 09:56:57','2019-09-02 09:56:57'),(38,'1','118','108','D2-FR-6','2019-09-02 09:56:57','2019-09-02 09:56:57'),(39,'1','118','108','D2-FR-10','2019-09-02 09:56:57','2019-09-02 09:56:57'),(40,'1','118','108','D2-FR-15','2019-09-02 09:56:57','2019-09-02 09:56:57'),(41,'1','118','108','D1-FR-16','2019-09-02 09:56:57','2019-09-02 09:56:57'),(42,'1','118','108','D1-FR-17','2019-09-02 09:56:57','2019-09-02 09:56:57'),(43,'1','118','108','D1-FR-18','2019-09-02 09:56:57','2019-09-02 09:56:57'),(44,'1','118','108','D1-FR-19','2019-09-02 09:56:57','2019-09-02 09:56:57'),(45,'1','118','108','D1-FR-20','2019-09-02 09:56:57','2019-09-02 09:56:57'),(46,'1','118','108','D2-FR-16','2019-09-02 09:56:57','2019-09-02 09:56:57'),(47,'1','118','108','D2-FR-18','2019-09-02 09:56:57','2019-09-02 09:56:57'),(48,'1','118','108','D2-FR-21','2019-09-02 09:56:57','2019-09-02 09:56:57'),(49,'1','118','108','D2-FR-25','2019-09-02 09:56:57','2019-09-02 09:56:57'),(50,'1','118','108','D2-FR-30','2019-09-02 09:56:57','2019-09-02 09:56:57'),(51,'1','119','109','D1-FR-21','2019-09-02 09:58:43','2019-09-02 09:58:43'),(52,'1','119','109','D1-FR-22','2019-09-02 09:58:43','2019-09-02 09:58:43'),(53,'1','119','109','D1-FR-23','2019-09-02 09:58:43','2019-09-02 09:58:43'),(54,'1','119','109','D1-FR-24','2019-09-02 09:58:43','2019-09-02 09:58:43'),(55,'1','119','109','D1-FR-25','2019-09-02 09:58:43','2019-09-02 09:58:43'),(56,'1','119','109','D2-FR-1','2019-09-02 09:58:43','2019-09-02 09:58:43'),(57,'1','119','109','D2-FR-2','2019-09-02 09:58:43','2019-09-02 09:58:43'),(58,'1','119','109','D2-FR-3','2019-09-02 09:58:43','2019-09-02 09:58:43'),(59,'1','119','109','D2-FR-4','2019-09-02 09:58:43','2019-09-02 09:58:43'),(60,'1','119','109','D2-FR-5','2019-09-02 09:58:43','2019-09-02 09:58:43'),(61,'1','119','109','D1-FR-21','2019-09-02 09:58:43','2019-09-02 09:58:43'),(62,'1','119','109','D1-FR-22','2019-09-02 09:58:43','2019-09-02 09:58:43'),(63,'1','119','109','D1-FR-23','2019-09-02 09:58:43','2019-09-02 09:58:43'),(64,'1','119','109','D1-FR-24','2019-09-02 09:58:43','2019-09-02 09:58:43'),(65,'1','119','109','D1-FR-25','2019-09-02 09:58:43','2019-09-02 09:58:43'),(66,'1','119','109','D2-FR-6','2019-09-02 09:58:43','2019-09-02 09:58:43'),(67,'1','119','109','D2-FR-7','2019-09-02 09:58:43','2019-09-02 09:58:43'),(68,'1','119','109','D2-FR-8','2019-09-02 09:58:43','2019-09-02 09:58:43'),(69,'1','119','109','D2-FR-9','2019-09-02 09:58:43','2019-09-02 09:58:43'),(70,'1','119','109','D2-FR-10','2019-09-02 09:58:43','2019-09-02 09:58:43'),(71,'1','120','110','D1-FR-26','2019-09-02 10:07:59','2019-09-02 10:07:59'),(72,'1','120','110','D1-FR-27','2019-09-02 10:07:59','2019-09-02 10:07:59'),(73,'1','120','110','D1-FR-28','2019-09-02 10:07:59','2019-09-02 10:07:59'),(74,'1','120','110','D1-FR-29','2019-09-02 10:07:59','2019-09-02 10:07:59'),(75,'1','120','110','D1-FR-30','2019-09-02 10:07:59','2019-09-02 10:07:59'),(76,'1','120','110','D2-FR-11','2019-09-02 10:07:59','2019-09-02 10:07:59'),(77,'1','120','110','D2-FR-12','2019-09-02 10:07:59','2019-09-02 10:07:59'),(78,'1','120','110','D2-FR-13','2019-09-02 10:07:59','2019-09-02 10:07:59'),(79,'1','120','110','D2-FR-14','2019-09-02 10:07:59','2019-09-02 10:07:59'),(80,'1','120','110','D2-FR-15','2019-09-02 10:07:59','2019-09-02 10:07:59'),(81,'1','120','110','D1-FR-26','2019-09-02 10:07:59','2019-09-02 10:07:59'),(82,'1','120','110','D1-FR-27','2019-09-02 10:07:59','2019-09-02 10:07:59'),(83,'1','120','110','D1-FR-28','2019-09-02 10:07:59','2019-09-02 10:07:59'),(84,'1','120','110','D1-FR-29','2019-09-02 10:07:59','2019-09-02 10:07:59'),(85,'1','120','110','D1-FR-30','2019-09-02 10:07:59','2019-09-02 10:07:59'),(86,'1','120','110','D2-FR-11','2019-09-02 10:07:59','2019-09-02 10:07:59'),(87,'1','120','110','D2-FR-12','2019-09-02 10:07:59','2019-09-02 10:07:59'),(88,'1','120','110','D2-FR-13','2019-09-02 10:07:59','2019-09-02 10:07:59'),(89,'1','120','110','D2-FR-14','2019-09-02 10:07:59','2019-09-02 10:07:59'),(90,'1','120','110','D2-FR-15','2019-09-02 10:07:59','2019-09-02 10:07:59'),(91,'1','121','111','D1-FR-31','2019-09-02 10:10:29','2019-09-02 10:10:29'),(92,'1','121','111','D1-FR-32','2019-09-02 10:10:29','2019-09-02 10:10:29'),(93,'1','121','111','D1-FR-33','2019-09-02 10:10:29','2019-09-02 10:10:29'),(94,'1','121','111','D1-FR-34','2019-09-02 10:10:29','2019-09-02 10:10:29'),(95,'1','121','111','D1-FR-35','2019-09-02 10:10:29','2019-09-02 10:10:29'),(96,'1','121','111','D2-FR-16','2019-09-02 10:10:29','2019-09-02 10:10:29'),(97,'1','121','111','D2-FR-17','2019-09-02 10:10:29','2019-09-02 10:10:29'),(98,'1','121','111','D2-FR-18','2019-09-02 10:10:29','2019-09-02 10:10:29'),(99,'1','121','111','D2-FR-19','2019-09-02 10:10:29','2019-09-02 10:10:29'),(100,'1','121','111','D2-FR-20','2019-09-02 10:10:29','2019-09-02 10:10:29'),(101,'1','121','111','D1-FR-36','2019-09-02 10:10:29','2019-09-02 10:10:29'),(102,'1','121','111','D1-FR-37','2019-09-02 10:10:29','2019-09-02 10:10:29'),(103,'1','121','111','D1-FR-38','2019-09-02 10:10:29','2019-09-02 10:10:29'),(104,'1','121','111','D1-FR-39','2019-09-02 10:10:29','2019-09-02 10:10:29'),(105,'1','121','111','D1-FR-40','2019-09-02 10:10:29','2019-09-02 10:10:29'),(106,'1','121','111','D2-FR-21','2019-09-02 10:10:29','2019-09-02 10:10:29'),(107,'1','121','111','D2-FR-22','2019-09-02 10:10:29','2019-09-02 10:10:29'),(108,'1','121','111','D2-FR-23','2019-09-02 10:10:29','2019-09-02 10:10:29'),(109,'1','121','111','D2-FR-24','2019-09-02 10:10:29','2019-09-02 10:10:29'),(110,'1','121','111','D2-FR-25','2019-09-02 10:10:29','2019-09-02 10:10:29'),(111,'1','122','112','D1-ST-41','2019-09-02 10:13:39','2019-09-02 10:13:39'),(112,'1','122','112','D2-ST-26','2019-09-02 10:13:39','2019-09-02 10:13:39'),(113,'1','122','112','D1-ST-43','2019-09-02 10:13:39','2019-09-02 10:13:39'),(114,'1','122','112','D2-ST-28','2019-09-02 10:13:39','2019-09-02 10:13:39'),(115,'1','122','112','D1-CP-44','2019-09-02 10:13:39','2019-09-02 10:13:39'),(116,'1','122','112','D1-CP-46','2019-09-02 10:13:39','2019-09-02 10:13:39'),(117,'1','122','112','D2-CP-29','2019-09-02 10:13:39','2019-09-02 10:13:39'),(118,'1','122','112','D2-CP-31','2019-09-02 10:13:40','2019-09-02 10:13:40'),(119,'1','122','112','D1-CP-47','2019-09-02 10:13:40','2019-09-02 10:13:40'),(120,'1','122','112','D1-CP-49','2019-09-02 10:13:40','2019-09-02 10:13:40'),(121,'1','122','112','D2-CP-32','2019-09-02 10:13:40','2019-09-02 10:13:40'),(122,'1','122','112','D2-CP-34','2019-09-02 10:13:40','2019-09-02 10:13:40'),(123,'1','122','112','D1-CP-50','2019-09-02 10:13:40','2019-09-02 10:13:40'),(124,'1','122','112','D1-CP-52','2019-09-02 10:13:40','2019-09-02 10:13:40'),(125,'1','122','112','D2-CP-35','2019-09-02 10:13:40','2019-09-02 10:13:40'),(126,'1','122','112','D2-CP-37','2019-09-02 10:13:40','2019-09-02 10:13:40'),(127,'1','123','113','D1-SO-52','2019-09-02 10:19:25','2019-09-02 10:19:25'),(128,'1','123','113','D1-SO-52','2019-09-02 10:19:25','2019-09-02 10:19:25'),(129,'1','125','115','D1-SO-53','2019-09-02 10:23:19','2019-09-02 10:23:19'),(130,'1','125','115','D1-SO-54','2019-09-02 10:23:19','2019-09-02 10:23:19'),(131,'1','127','117','D1-SO-55','2019-09-02 10:31:35','2019-09-02 10:31:35'),(132,'1','127','117','D2-SO-38','2019-09-02 10:31:35','2019-09-02 10:31:35'),(133,'1','127','117','D1-SO-56','2019-09-02 10:31:35','2019-09-02 10:31:35'),(134,'1','127','117','D2-SO-39','2019-09-02 10:31:35','2019-09-02 10:31:35'),(135,'1','128','118','D1-ST-57','2019-09-02 10:32:21','2019-09-02 10:32:21'),(136,'1','128','118','D2-ST-40','2019-09-02 10:32:21','2019-09-02 10:32:21'),(137,'1','128','118','D1-ST-58','2019-09-02 10:32:21','2019-09-02 10:32:21'),(138,'1','128','118','D2-ST-41','2019-09-02 10:32:21','2019-09-02 10:32:21'),(139,'1','128','118','D1-ST-59','2019-09-02 10:32:21','2019-09-02 10:32:21'),(140,'1','128','118','D2-ST-42','2019-09-02 10:32:21','2019-09-02 10:32:21'),(141,'1','131','121','D1-FR-60','2019-09-02 10:36:51','2019-09-02 10:36:51'),(142,'1','131','121','D1-FR-61','2019-09-02 10:36:51','2019-09-02 10:36:51'),(143,'1','131','121','D1-FR-62','2019-09-02 10:36:51','2019-09-02 10:36:51'),(144,'1','131','121','D1-FR-63','2019-09-02 10:36:51','2019-09-02 10:36:51'),(145,'1','131','121','D1-FR-64','2019-09-02 10:36:51','2019-09-02 10:36:51'),(146,'1','131','121','D2-FR-43','2019-09-02 10:36:51','2019-09-02 10:36:51'),(147,'1','131','121','D2-FR-44','2019-09-02 10:36:51','2019-09-02 10:36:51'),(148,'1','131','121','D2-FR-45','2019-09-02 10:36:51','2019-09-02 10:36:51'),(149,'1','131','121','D2-FR-46','2019-09-02 10:36:51','2019-09-02 10:36:51'),(150,'1','131','121','D2-FR-47','2019-09-02 10:36:51','2019-09-02 10:36:51'),(151,'1','131','121','D1-FR-65','2019-09-02 10:36:51','2019-09-02 10:36:51'),(152,'1','131','121','D1-FR-66','2019-09-02 10:36:51','2019-09-02 10:36:51'),(153,'1','131','121','D1-FR-67','2019-09-02 10:36:51','2019-09-02 10:36:51'),(154,'1','131','121','D1-FR-68','2019-09-02 10:36:51','2019-09-02 10:36:51'),(155,'1','131','121','D1-FR-69','2019-09-02 10:36:51','2019-09-02 10:36:51'),(156,'1','131','121','D2-FR-48','2019-09-02 10:36:51','2019-09-02 10:36:51'),(157,'1','131','121','D2-FR-49','2019-09-02 10:36:51','2019-09-02 10:36:51'),(158,'1','131','121','D2-FR-50','2019-09-02 10:36:51','2019-09-02 10:36:51'),(159,'1','131','121','D2-FR-51','2019-09-02 10:36:51','2019-09-02 10:36:51'),(160,'1','131','121','D2-FR-52','2019-09-02 10:36:51','2019-09-02 10:36:51'),(161,'1','132','122','D1-SO-70','2019-09-09 08:32:31','2019-09-09 08:32:31'),(162,'2','133','123','D1-FR-71','2019-09-09 09:13:06','2019-09-09 09:13:06'),(163,'2','133','123','D1-FR-72','2019-09-09 09:13:06','2019-09-09 09:13:06'),(164,'2','133','123','D1-FR-73','2019-09-09 09:13:06','2019-09-09 09:13:06'),(165,'2','133','123','D1-FR-74','2019-09-09 09:13:06','2019-09-09 09:13:06'),(166,'2','133','123','D1-FR-75','2019-09-09 09:13:06','2019-09-09 09:13:06'),(167,'2','133','123','D2-FR-53','2019-09-09 09:13:06','2019-09-09 09:13:06'),(168,'2','133','123','D2-FR-54','2019-09-09 09:13:06','2019-09-09 09:13:06'),(169,'2','133','123','D2-FR-55','2019-09-09 09:13:06','2019-09-09 09:13:06'),(170,'2','133','123','D2-FR-56','2019-09-09 09:13:06','2019-09-09 09:13:06'),(171,'2','133','123','D2-FR-57','2019-09-09 09:13:06','2019-09-09 09:13:06'),(172,'2','134','124','D1-SO-76','2019-09-09 09:23:43','2019-09-09 09:23:43'),(173,'2','134','124','D1-SO-77','2019-09-09 09:23:43','2019-09-09 09:23:43'),(174,'2','134','124','D1-SO-78','2019-09-09 09:23:43','2019-09-09 09:23:43'),(175,'2','134','124','D2-SO-58','2019-09-09 09:23:43','2019-09-09 09:23:43'),(176,'2','134','124','D2-SO-59','2019-09-09 09:23:43','2019-09-09 09:23:43'),(177,'2','134','124','D1-SO-79','2019-09-09 09:23:43','2019-09-09 09:23:43'),(178,'2','134','124','D2-SO-60','2019-09-09 09:23:43','2019-09-09 09:23:43'),(179,'2','142','132','D1-SO-1','2019-09-15 21:22:27','2019-09-15 21:22:27'),(180,'2','143','133','D1-SO-1','2019-09-15 23:25:54','2019-09-15 23:25:54');
/*!40000 ALTER TABLE `ticket_orders` ENABLE KEYS */;
UNLOCK TABLES;

--
-- Table structure for table `ticket_payments`
--

DROP TABLE IF EXISTS `ticket_payments`;
/*!40101 SET @saved_cs_client     = @@character_set_client */;
 SET character_set_client = utf8mb4 ;
CREATE TABLE `ticket_payments` (
  `id` int(10) unsigned NOT NULL AUTO_INCREMENT,
  `user_id` varchar(191) COLLATE utf8mb4_unicode_ci NOT NULL,
  `order_id` varchar(191) COLLATE utf8mb4_unicode_ci NOT NULL,
  `merchant` varchar(191) COLLATE utf8mb4_unicode_ci NOT NULL,
  `amount` double(8,2) NOT NULL,
  `payment_status` varchar(191) COLLATE utf8mb4_unicode_ci NOT NULL DEFAULT 'Unpaid',
  `created_at` timestamp NULL DEFAULT NULL,
  `updated_at` timestamp NULL DEFAULT NULL,
  PRIMARY KEY (`id`)
) ENGINE=InnoDB AUTO_INCREMENT=134 DEFAULT CHARSET=utf8mb4 COLLATE=utf8mb4_unicode_ci;
/*!40101 SET character_set_client = @saved_cs_client */;

--
-- Dumping data for table `ticket_payments`
--

LOCK TABLES `ticket_payments` WRITE;
/*!40000 ALTER TABLE `ticket_payments` DISABLE KEYS */;
INSERT INTO `ticket_payments` VALUES (1,'1','11','paypal',239.00,'Unpaid','2019-08-24 05:56:26','2019-08-24 05:56:26'),(2,'1','12','paypal',478.00,'Unpaid','2019-08-24 06:16:47','2019-08-24 06:16:47'),(3,'1','13','paypal',239.00,'Unpaid','2019-08-24 06:17:12','2019-08-24 06:17:12'),(4,'1','14','paypal',239.00,'Unpaid','2019-08-24 06:33:25','2019-08-24 06:33:25'),(5,'1','15','paypal',239.00,'Success','2019-08-24 06:37:07','2019-08-24 06:37:35'),(6,'30','16','paypal',239.00,'Unpaid','2019-08-25 05:56:30','2019-08-25 05:56:30'),(7,'30','17','paypal',30.00,'Unpaid','2019-08-25 06:10:58','2019-08-25 06:10:58'),(8,'30','18','paypal',30.00,'Unpaid','2019-08-25 06:11:02','2019-08-25 06:11:02'),(9,'30','19','paypal',30.00,'Unpaid','2019-08-25 07:58:50','2019-08-25 07:58:50'),(10,'30','20','paypal',239.00,'Unpaid','2019-08-25 08:01:36','2019-08-25 08:01:36'),(11,'30','21','paypal',239.00,'Unpaid','2019-08-26 06:54:10','2019-08-26 06:54:10'),(12,'30','22','paypal',239.00,'Unpaid','2019-08-26 07:00:39','2019-08-26 07:00:39'),(13,'30','23','paypal',239.00,'Unpaid','2019-08-26 07:24:34','2019-08-26 07:24:34'),(14,'30','24','paypal',239.00,'Success','2019-08-26 07:55:49','2019-08-26 07:56:21'),(15,'30','25','paypal',30.00,'Success','2019-08-26 09:17:24','2019-08-26 09:17:56'),(16,'30','26','paypal',30.00,'Success','2019-08-26 09:18:47','2019-08-26 09:19:05'),(17,'30','27','paypal',30.00,'Success','2019-08-26 09:20:23','2019-08-26 09:20:44'),(18,'30','28','paypal',30.00,'Success','2019-08-26 09:22:27','2019-08-26 09:22:48'),(19,'1','29','paypal',120.00,'Unpaid','2019-09-02 01:27:41','2019-09-02 01:27:41'),(20,'1','30','paypal',120.00,'Unpaid','2019-09-02 01:28:03','2019-09-02 01:28:03'),(21,'1','31','paypal',125.00,'Unpaid','2019-09-02 01:36:15','2019-09-02 01:36:15'),(22,'1','32','paypal',239.00,'Unpaid','2019-09-02 01:37:48','2019-09-02 01:37:48'),(23,'1','33','paypal',250.00,'Unpaid','2019-09-02 01:43:27','2019-09-02 01:43:27'),(24,'1','34','paypal',90.00,'Unpaid','2019-09-02 02:03:30','2019-09-02 02:03:30'),(25,'1','35','paypal',180.00,'Unpaid','2019-09-02 02:03:57','2019-09-02 02:03:57'),(26,'1','36','paypal',20.00,'Unpaid','2019-09-02 02:04:18','2019-09-02 02:04:18'),(27,'1','37','paypal',150.00,'Unpaid','2019-09-02 02:16:25','2019-09-02 02:16:25'),(28,'1','38','paypal',120.00,'Unpaid','2019-09-02 02:16:38','2019-09-02 02:16:38'),(29,'1','39','paypal',60.00,'Success','2019-09-02 02:17:08','2019-09-02 02:17:28'),(30,'1','40','paypal',60.00,'Unpaid','2019-09-02 02:18:05','2019-09-02 02:18:05'),(31,'1','41','paypal',40.00,'Unpaid','2019-09-02 02:18:29','2019-09-02 02:18:29'),(32,'1','42','paypal',30.00,'Unpaid','2019-09-02 02:19:31','2019-09-02 02:19:31'),(33,'1','43','paypal',30.00,'Unpaid','2019-09-02 02:19:51','2019-09-02 02:19:51'),(34,'1','44','paypal',60.00,'Unpaid','2019-09-02 02:20:33','2019-09-02 02:20:33'),(35,'1','45','paypal',60.00,'Unpaid','2019-09-02 02:20:56','2019-09-02 02:20:56'),(36,'1','46','paypal',120.00,'Unpaid','2019-09-02 02:21:32','2019-09-02 02:21:32'),(37,'1','47','paypal',250.00,'Unpaid','2019-09-02 02:21:52','2019-09-02 02:21:52'),(38,'1','48','paypal',250.00,'Success','2019-09-02 02:24:43','2019-09-02 02:25:07'),(39,'1','49','paypal',250.00,'Success','2019-09-02 02:27:25','2019-09-02 02:27:47'),(40,'1','50','paypal',250.00,'Unpaid','2019-09-02 02:32:07','2019-09-02 02:32:07'),(41,'1','51','paypal',250.00,'Unpaid','2019-09-02 02:32:35','2019-09-02 02:32:35'),(42,'1','52','paypal',250.00,'Success','2019-09-02 02:35:44','2019-09-02 02:36:15'),(43,'1','53','paypal',90.00,'Unpaid','2019-09-02 02:37:38','2019-09-02 02:37:38'),(44,'1','54','paypal',250.00,'Unpaid','2019-09-02 02:38:43','2019-09-02 02:38:43'),(45,'1','55','paypal',500.00,'Unpaid','2019-09-02 02:39:36','2019-09-02 02:39:36'),(46,'1','56','paypal',500.00,'Unpaid','2019-09-02 02:39:59','2019-09-02 02:39:59'),(47,'1','57','paypal',90.00,'Unpaid','2019-09-02 02:41:11','2019-09-02 02:41:11'),(48,'1','58','paypal',90.00,'Unpaid','2019-09-02 02:41:59','2019-09-02 02:41:59'),(49,'1','59','paypal',90.00,'Unpaid','2019-09-02 02:43:31','2019-09-02 02:43:31'),(50,'1','60','paypal',90.00,'Unpaid','2019-09-02 02:44:22','2019-09-02 02:44:22'),(51,'1','61','paypal',90.00,'Unpaid','2019-09-02 02:47:30','2019-09-02 02:47:30'),(52,'1','62','paypal',30.00,'Unpaid','2019-09-02 02:47:40','2019-09-02 02:47:40'),(53,'1','63','paypal',60.00,'Success','2019-09-02 02:49:20','2019-09-02 02:49:39'),(54,'1','64','paypal',90.00,'Unpaid','2019-09-02 02:50:44','2019-09-02 02:50:44'),(55,'1','65','paypal',90.00,'Success','2019-09-02 02:51:41','2019-09-02 02:52:02'),(56,'1','66','paypal',120.00,'Success','2019-09-02 02:58:48','2019-09-02 02:59:07'),(57,'1','67','paypal',240.00,'Success','2019-09-02 03:01:15','2019-09-02 03:01:34'),(58,'1','68','paypal',210.00,'Success','2019-09-02 03:05:49','2019-09-02 03:06:08'),(59,'1','69','paypal',120.00,'Success','2019-09-02 03:08:34','2019-09-02 03:08:55'),(60,'1','70','paypal',150.00,'Success','2019-09-02 03:16:12','2019-09-02 03:16:31'),(61,'1','71','paypal',150.00,'Success','2019-09-02 03:17:21','2019-09-02 03:17:39'),(62,'1','72','paypal',150.00,'Success','2019-09-02 03:22:21','2019-09-02 03:22:37'),(63,'1','73','paypal',90.00,'Success','2019-09-02 03:23:01','2019-09-02 03:23:20'),(64,'1','74','paypal',90.00,'Success','2019-09-02 03:23:40','2019-09-02 03:24:03'),(65,'1','75','paypal',90.00,'Success','2019-09-02 03:24:23','2019-09-02 03:24:41'),(66,'1','76','paypal',120.00,'Success','2019-09-02 03:26:42','2019-09-02 03:27:30'),(67,'1','77','paypal',90.00,'Success','2019-09-02 03:28:35','2019-09-02 03:28:52'),(68,'1','78','paypal',90.00,'Success','2019-09-02 03:30:12','2019-09-02 03:30:34'),(69,'1','79','paypal',90.00,'Success','2019-09-02 03:33:08','2019-09-02 03:33:28'),(70,'1','80','paypal',90.00,'Success','2019-09-02 03:36:09','2019-09-02 03:36:26'),(71,'1','81','paypal',90.00,'Success','2019-09-02 03:38:24','2019-09-02 03:38:43'),(72,'1','82','paypal',90.00,'Success','2019-09-02 03:39:35','2019-09-02 03:40:00'),(73,'1','83','paypal',90.00,'Success','2019-09-02 03:41:36','2019-09-02 03:41:55'),(74,'1','84','paypal',90.00,'Success','2019-09-02 03:42:25','2019-09-02 03:42:42'),(75,'1','85','paypal',90.00,'Success','2019-09-02 03:44:30','2019-09-02 03:44:49'),(76,'1','86','paypal',90.00,'Success','2019-09-02 03:45:39','2019-09-02 03:46:05'),(77,'1','87','paypal',90.00,'Success','2019-09-02 03:46:51','2019-09-02 03:47:17'),(78,'1','88','paypal',90.00,'Success','2019-09-02 03:47:59','2019-09-02 03:48:22'),(79,'1','89','paypal',90.00,'Success','2019-09-02 03:50:01','2019-09-02 03:50:18'),(80,'1','90','paypal',120.00,'Success','2019-09-02 07:29:29','2019-09-02 07:29:54'),(81,'1','91','paypal',180.00,'Success','2019-09-02 07:31:34','2019-09-02 07:31:54'),(82,'1','92','paypal',240.00,'Success','2019-09-02 07:36:22','2019-09-02 07:37:09'),(83,'1','93','paypal',120.00,'Success','2019-09-02 08:49:16','2019-09-02 08:51:56'),(84,'1','94','paypal',120.00,'Success','2019-09-02 09:05:28','2019-09-02 09:05:52'),(85,'1','95','paypal',300.00,'Success','2019-09-02 09:06:14','2019-09-02 09:06:53'),(86,'1','96','paypal',30.00,'Success','2019-09-02 09:07:31','2019-09-02 09:07:51'),(87,'1','97','paypal',60.00,'Success','2019-09-02 09:08:06','2019-09-02 09:08:36'),(88,'1','98','paypal',20.00,'Success','2019-09-02 09:08:57','2019-09-02 09:09:20'),(89,'1','99','paypal',40.00,'Unpaid','2019-09-02 09:09:50','2019-09-02 09:09:50'),(90,'1','100','paypal',40.00,'Success','2019-09-02 09:11:23','2019-09-02 09:11:48'),(91,'1','101','paypal',55.00,'Success','2019-09-02 09:12:00','2019-09-02 09:12:35'),(92,'1','102','paypal',55.00,'Success','2019-09-02 09:14:06','2019-09-02 09:14:29'),(93,'1','103','paypal',55.00,'Success','2019-09-02 09:16:22','2019-09-02 09:17:56'),(94,'1','104','paypal',110.00,'Success','2019-09-02 09:18:31','2019-09-02 09:18:50'),(95,'1','105','paypal',125.00,'Success','2019-09-02 09:19:14','2019-09-02 09:19:44'),(96,'1','106','paypal',125.00,'Success','2019-09-02 09:20:53','2019-09-02 09:23:11'),(97,'1','107','paypal',250.00,'Success','2019-09-02 09:25:25','2019-09-02 09:27:31'),(98,'1','108','paypal',125.00,'Success','2019-09-02 09:29:18','2019-09-02 09:29:38'),(99,'1','109','paypal',250.00,'Success','2019-09-02 09:30:08','2019-09-02 09:30:26'),(100,'1','110','paypal',500.00,'Success','2019-09-02 09:30:52','2019-09-02 09:31:23'),(101,'1','111','paypal',500.00,'Success','2019-09-02 09:33:50','2019-09-02 09:34:13'),(102,'1','112','paypal',500.00,'Success','2019-09-02 09:35:08','2019-09-02 09:35:30'),(103,'1','113','paypal',220.00,'Success','2019-09-02 09:36:04','2019-09-02 09:36:30'),(104,'1','114','paypal',220.00,'Success','2019-09-02 09:41:36','2019-09-02 09:46:16'),(105,'1','115','paypal',500.00,'Success','2019-09-02 09:46:32','2019-09-02 09:47:12'),(106,'1','116','paypal',500.00,'Success','2019-09-02 09:52:10','2019-09-02 09:52:40'),(107,'1','117','paypal',500.00,'Success','2019-09-02 09:54:37','2019-09-02 09:54:55'),(108,'1','118','paypal',500.00,'Success','2019-09-02 09:56:39','2019-09-02 09:56:57'),(109,'1','119','paypal',500.00,'Success','2019-09-02 09:58:12','2019-09-02 09:58:43'),(110,'1','120','paypal',500.00,'Success','2019-09-02 10:07:31','2019-09-02 10:07:59'),(111,'1','121','paypal',500.00,'Success','2019-09-02 10:09:51','2019-09-02 10:10:29'),(112,'1','122','paypal',330.00,'Success','2019-09-02 10:13:20','2019-09-02 10:13:39'),(113,'1','123','paypal',60.00,'Success','2019-09-02 10:19:04','2019-09-02 10:19:25'),(114,'1','124','paypal',90.00,'Unpaid','2019-09-02 10:20:28','2019-09-02 10:20:28'),(115,'1','125','paypal',60.00,'Success','2019-09-02 10:22:47','2019-09-02 10:23:19'),(116,'1','126','paypal',90.00,'Unpaid','2019-09-02 10:24:56','2019-09-02 10:24:56'),(117,'1','127','paypal',120.00,'Success','2019-09-02 10:30:20','2019-09-02 10:31:34'),(118,'1','128','paypal',120.00,'Success','2019-09-02 10:32:02','2019-09-02 10:32:21'),(119,'1','129','paypal',750.00,'Success','2019-09-02 10:33:52','2019-09-02 10:34:15'),(120,'1','130','paypal',500.00,'Success','2019-09-02 10:35:13','2019-09-02 10:35:43'),(121,'1','131','paypal',500.00,'Success','2019-09-02 10:36:17','2019-09-02 10:36:51'),(122,'1','132','paypal',30.00,'Success','2019-09-09 08:18:42','2019-09-09 08:32:31'),(123,'2','133','paypal',250.00,'Success','2019-09-09 09:12:34','2019-09-09 09:13:05'),(124,'2','134','paypal',60.00,'Success','2019-09-09 09:23:18','2019-09-09 09:23:43'),(125,'1','135','paypal',239.00,'Unpaid','2019-09-11 07:51:00','2019-09-11 07:51:00'),(126,'1','136','paypal',30.00,'Unpaid','2019-09-11 08:06:47','2019-09-11 08:06:47'),(127,'1','137','paypal',30.00,'Unpaid','2019-09-11 08:10:14','2019-09-11 08:10:14'),(128,'1','138','paypal',1.00,'Unpaid','2019-09-14 10:12:55','2019-09-14 10:12:55'),(129,'1','139','paypal',1.00,'Unpaid','2019-09-14 10:17:59','2019-09-14 10:17:59'),(130,'1','140','paypal',1.00,'Unpaid','2019-09-14 10:19:28','2019-09-14 10:19:28'),(131,'1','141','paypal',1.00,'Unpaid','2019-09-14 10:24:48','2019-09-14 10:24:48'),(132,'2','142','paypal',1.00,'Success','2019-09-15 21:20:05','2019-09-15 21:22:27'),(133,'2','143','paypal',1.00,'Success','2019-09-15 23:25:26','2019-09-15 23:25:54');
/*!40000 ALTER TABLE `ticket_payments` ENABLE KEYS */;
UNLOCK TABLES;

--
-- Table structure for table `tickets`
--

DROP TABLE IF EXISTS `tickets`;
/*!40101 SET @saved_cs_client     = @@character_set_client */;
 SET character_set_client = utf8mb4 ;
CREATE TABLE `tickets` (
  `id` int(10) unsigned NOT NULL AUTO_INCREMENT,
  `name` varchar(255) COLLATE utf8mb4_unicode_ci NOT NULL,
  `description` varchar(255) COLLATE utf8mb4_unicode_ci NOT NULL,
  `price` varchar(255) COLLATE utf8mb4_unicode_ci NOT NULL,
  `quantity` varchar(255) COLLATE utf8mb4_unicode_ci NOT NULL,
  `code` varchar(255) COLLATE utf8mb4_unicode_ci NOT NULL,
  PRIMARY KEY (`id`)
) ENGINE=InnoDB AUTO_INCREMENT=15 DEFAULT CHARSET=utf8mb4 COLLATE=utf8mb4_unicode_ci;
/*!40101 SET character_set_client = @saved_cs_client */;

--
-- Dumping data for table `tickets`
--

LOCK TABLES `tickets` WRITE;
/*!40000 ALTER TABLE `tickets` DISABLE KEYS */;
INSERT INTO `tickets` VALUES (1,'VIP ULTIMATE BUNDLE - LIMITED 1,000 pieces ONLY!','1 x Early Bird Solo 2-day Ticket\n1 x ACC 2019 Pins\n1 x ACC Mug\n1 x Acc T-Shirt (Free Size)\nHasbro Exclusive Goodiebag\n+ Priority Queue for Guest Photo & Signature, VIP Concert Zone, Rest Area & Charging Zone','239','1000','EAP'),(2,'Solo 1-day Ticket (26 October 2019)','Solo 1-day entry ticket for 26 October 2019','30','10000000','STA'),(3,'Solo 1-day Ticket (27 October 2019)','Solo 1-day entry ticket for 27 October 2019','30','10000000','STB'),(4,'Solo 2-days Ticket','Solo 2-days ticket for 26 & 27 October 2019','60','10000000','STC'),(5,'Student 1-day Ticket (26 October 2019)','Student 1-day entry ticket for 26 October 2019','20','10000000','PTA'),(6,'Student 1-day Ticket (27 October 2019)','Student 1-day entry ticket for 26 October 2019','20','10000000','PTB'),(7,'Student 2-days Ticket','Student 2-days entry ticket for 26 & 27 October 2019','40','10000000','PTC'),(8,'Couple 1-day Ticket (26 October 2019)','Couple 1-day entry ticket for 26 October 2019','55','10000000','CTA'),(9,'Couple 1-day Ticket (27 October 2019)','Couple 1-day entry ticket for 27 October 2019','55','10000000','CTB'),(10,'Couple 2-days entry ticket for 26 & 27 October 2019','Couple 2-days entry ticket for 26 & 27 October 2019','110','10000000','CTC'),(11,'5 Friends Group 1-day for 26 October 2019','5 Friends 1-day entry ticket for 26 October 2019','125','10000000','GTA'),(12,'5 Friends Group 1-day for 27 October 2019','5 Friends 1-day entry ticket for 27 October 2019','125','10000000','GTA'),(13,'5 Friends Group 2-days for 26 & 27 October 2019','5 Friends 2-days entry ticket for 26 & 27 October 2019','250','10000000','GTC'),(14,'iPay88 Testing Tickets','iPay88 Testing Tickets','1','10000000','IP88');
/*!40000 ALTER TABLE `tickets` ENABLE KEYS */;
UNLOCK TABLES;

--
-- Table structure for table `users`
--

DROP TABLE IF EXISTS `users`;
/*!40101 SET @saved_cs_client     = @@character_set_client */;
 SET character_set_client = utf8mb4 ;
CREATE TABLE `users` (
  `id` int(10) unsigned NOT NULL AUTO_INCREMENT,
  `name` varchar(191) COLLATE utf8mb4_unicode_ci NOT NULL,
  `email` varchar(191) COLLATE utf8mb4_unicode_ci NOT NULL,
  `provider` varchar(191) COLLATE utf8mb4_unicode_ci NOT NULL,
  `provider_id` varchar(191) COLLATE utf8mb4_unicode_ci NOT NULL,
  `contact` varchar(191) COLLATE utf8mb4_unicode_ci DEFAULT NULL,
  `created_at` timestamp NULL DEFAULT NULL,
  `updated_at` timestamp NULL DEFAULT NULL,
  PRIMARY KEY (`id`)
) ENGINE=InnoDB AUTO_INCREMENT=4 DEFAULT CHARSET=utf8mb4 COLLATE=utf8mb4_unicode_ci;
/*!40101 SET character_set_client = @saved_cs_client */;

--
-- Dumping data for table `users`
--

LOCK TABLES `users` WRITE;
/*!40000 ALTER TABLE `users` DISABLE KEYS */;
INSERT INTO `users` VALUES (1,'Naim Rahidin','naim.rahidin@gmail.com','facebook','3505693602789982',NULL,'2019-06-24 08:44:18','2019-06-24 08:44:18'),(2,'Naim Rahidin','naimazmira@gmail.com','google','112101065254085859567',NULL,'2019-06-24 08:52:55','2019-06-24 08:52:55'),(3,'Naim Rahidin','naim.rahidin@gmail.com','google','101725815520026906853',NULL,'2019-06-24 08:53:44','2019-06-24 08:53:44');
/*!40000 ALTER TABLE `users` ENABLE KEYS */;
UNLOCK TABLES;
/*!40103 SET TIME_ZONE=@OLD_TIME_ZONE */;

/*!40101 SET SQL_MODE=@OLD_SQL_MODE */;
/*!40014 SET FOREIGN_KEY_CHECKS=@OLD_FOREIGN_KEY_CHECKS */;
/*!40014 SET UNIQUE_CHECKS=@OLD_UNIQUE_CHECKS */;
/*!40101 SET CHARACTER_SET_CLIENT=@OLD_CHARACTER_SET_CLIENT */;
/*!40101 SET CHARACTER_SET_RESULTS=@OLD_CHARACTER_SET_RESULTS */;
/*!40101 SET COLLATION_CONNECTION=@OLD_COLLATION_CONNECTION */;
/*!40111 SET SQL_NOTES=@OLD_SQL_NOTES */;

-- Dump completed on 2019-09-16 18:55:02
